mean_fit_time,std_fit_time,mean_score_time,std_score_time,param_max_depth,param_min_samples_split,param_n_estimators,params,split0_test_score,split1_test_score,split2_test_score,split3_test_score,split4_test_score,mean_test_score,std_test_score,rank_test_score,split0_train_score,split1_train_score,split2_train_score,split3_train_score,split4_train_score,mean_train_score,std_train_score
0.10454754829406739,0.007700585216881822,0.006533575057983398,0.0008564235157147592,,2,50,"{'max_depth': None, 'min_samples_split': 2, 'n_estimators': 50}",0.9166666666666666,0.9583333333333334,0.9583333333333334,0.9583333333333334,0.9583333333333334,0.95,0.016666666666666698,11,1.0,1.0,1.0,1.0,1.0,1.0,0.0
0.21806621551513672,0.011631562414105652,0.011757850646972656,0.005434107330184821,,2,100,"{'max_depth': None, 'min_samples_split': 2, 'n_estimators': 100}",0.9166666666666666,0.9583333333333334,0.9583333333333334,0.9583333333333334,0.9583333333333334,0.95,0.016666666666666698,11,1.0,1.0,1.0,1.0,1.0,1.0,0.0
0.43105134963989256,0.016210382029642763,0.020908832550048828,0.003806505094162808,,2,200,"{'max_depth': None, 'min_samples_split': 2, 'n_estimators': 200}",0.9166666666666666,0.9583333333333334,0.9583333333333334,0.9583333333333334,0.9583333333333334,0.95,0.016666666666666698,11,1.0,1.0,1.0,1.0,1.0,1.0,0.0
0.1261322021484375,0.019207824051668793,0.008341121673583984,0.0019248098021088789,,5,50,"{'max_depth': None, 'min_samples_split': 5, 'n_estimators': 50}",0.9166666666666666,0.9583333333333334,0.9583333333333334,0.9583333333333334,0.9583333333333334,0.95,0.016666666666666698,11,1.0,0.9895833333333334,0.9895833333333334,0.9895833333333334,0.9895833333333334,0.9916666666666668,0.004166666666666652
0.19522881507873535,0.015831593843940454,0.012559175491333008,0.005226435332924068,,5,100,"{'max_depth': None, 'min_samples_split': 5, 'n_estimators': 100}",0.9166666666666666,0.9583333333333334,0.9583333333333334,0.9583333333333334,0.9583333333333334,0.95,0.016666666666666698,11,0.9895833333333334,0.9895833333333334,1.0,0.9895833333333334,0.9895833333333334,0.9916666666666668,0.004166666666666652
0.39978785514831544,0.03389680417913748,0.019287538528442384,0.0026643557276086033,,5,200,"{'max_depth': None, 'min_samples_split': 5, 'n_estimators': 200}",0.9166666666666666,0.9583333333333334,0.9583333333333334,0.9583333333333334,0.9583333333333334,0.95,0.016666666666666698,11,0.9895833333333334,0.9895833333333334,1.0,0.9895833333333334,0.9895833333333334,0.9916666666666668,0.004166666666666652
0.09679994583129883,0.008628403319672549,0.006163930892944336,0.0008227164544020214,,10,50,"{'max_depth': None, 'min_samples_split': 10, 'n_estimators': 50}",0.9583333333333334,0.9583333333333334,0.9583333333333334,0.9583333333333334,0.9583333333333334,0.9583333333333334,0.0,1,0.9791666666666666,0.9895833333333334,0.9895833333333334,0.9791666666666666,0.9895833333333334,0.9854166666666666,0.0051031036307983245
0.19086775779724122,0.012159973441264422,0.010449361801147462,0.0013916718576060547,,10,100,"{'max_depth': None, 'min_samples_split': 10, 'n_estimators': 100}",0.9583333333333334,0.9583333333333334,0.9583333333333334,0.9583333333333334,0.9583333333333334,0.9583333333333334,0.0,1,0.9791666666666666,0.9895833333333334,0.9895833333333334,0.9895833333333334,0.9791666666666666,0.9854166666666668,0.0051031036307983245
0.3749675273895264,0.025820513850458117,0.018297767639160155,0.0039663715542821035,,10,200,"{'max_depth': None, 'min_samples_split': 10, 'n_estimators': 200}",0.9166666666666666,0.9583333333333334,0.9583333333333334,0.9583333333333334,0.9583333333333334,0.95,0.016666666666666698,11,0.9791666666666666,0.9895833333333334,0.9895833333333334,0.9791666666666666,0.9895833333333334,0.9854166666666666,0.0051031036307983245
0.09483113288879394,0.005769986881084873,0.006935501098632812,0.0009731785741367635,3,2,50,"{'max_depth': 3, 'min_samples_split': 2, 'n_estimators': 50}",0.9583333333333334,0.9583333333333334,0.9583333333333334,0.9583333333333334,0.9583333333333334,0.9583333333333334,0.0,1,0.9791666666666666,0.9895833333333334,1.0,0.9895833333333334,0.9895833333333334,0.9895833333333334,0.006588078458684136
0.18654532432556153,0.015196403789406355,0.01105504035949707,0.0010929078165317417,3,2,100,"{'max_depth': 3, 'min_samples_split': 2, 'n_estimators': 100}",0.9583333333333334,0.9583333333333334,0.9583333333333334,0.9583333333333334,0.9583333333333334,0.9583333333333334,0.0,1,0.9791666666666666,0.9895833333333334,1.0,1.0,0.9895833333333334,0.9916666666666666,0.007795119555779053
0.39020605087280275,0.026635785786336155,0.020289230346679687,0.003994659092031639,3,2,200,"{'max_depth': 3, 'min_samples_split': 2, 'n_estimators': 200}",0.9166666666666666,0.9583333333333334,0.9583333333333334,0.9583333333333334,0.9583333333333334,0.95,0.016666666666666698,11,0.9791666666666666,0.9895833333333334,1.0,0.9895833333333334,0.9895833333333334,0.9895833333333334,0.006588078458684136
0.10486831665039062,0.013781045605670377,0.008743906021118164,0.004288103996502801,3,5,50,"{'max_depth': 3, 'min_samples_split': 5, 'n_estimators': 50}",0.9166666666666666,0.9583333333333334,0.9583333333333334,0.9583333333333334,0.9583333333333334,0.95,0.016666666666666698,11,0.9791666666666666,0.9895833333333334,0.9895833333333334,0.9895833333333334,0.9895833333333334,0.9875,0.004166666666666697
0.18285589218139647,0.011353688175685368,0.009741640090942383,0.0017605559433567564,3,5,100,"{'max_depth': 3, 'min_samples_split': 5, 'n_estimators': 100}",0.9583333333333334,0.9583333333333334,0.9583333333333334,0.9583333333333334,0.9583333333333334,0.9583333333333334,0.0,1,0.9791666666666666,0.9895833333333334,0.9895833333333334,0.9895833333333334,0.9791666666666666,0.9854166666666668,0.0051031036307983245
0.37529168128967283,0.01743731589323148,0.017372512817382814,0.0035200722604473962,3,5,200,"{'max_depth': 3, 'min_samples_split': 5, 'n_estimators': 200}",0.9166666666666666,0.9583333333333334,0.9583333333333334,0.9583333333333334,0.9583333333333334,0.95,0.016666666666666698,11,0.96875,0.9895833333333334,0.9895833333333334,0.9791666666666666,0.9791666666666666,0.98125,0.007795119555779065
0.09404115676879883,0.005259282593385242,0.006528902053833008,0.001387802477369211,3,10,50,"{'max_depth': 3, 'min_samples_split': 10, 'n_estimators': 50}",0.9166666666666666,0.9583333333333334,0.9583333333333334,0.9583333333333334,0.9583333333333334,0.95,0.016666666666666698,11,0.9791666666666666,0.9895833333333334,0.9895833333333334,0.9791666666666666,0.9895833333333334,0.9854166666666666,0.0051031036307983245
0.19355363845825196,0.013306916990717432,0.009045791625976563,0.0015254240803562924,3,10,100,"{'max_depth': 3, 'min_samples_split': 10, 'n_estimators': 100}",0.9583333333333334,0.9583333333333334,0.9583333333333334,0.9583333333333334,0.9583333333333334,0.9583333333333334,0.0,1,0.9791666666666666,0.9895833333333334,0.9895833333333334,0.9895833333333334,0.9791666666666666,0.9854166666666668,0.0051031036307983245
0.3650370121002197,0.014216137482408586,0.018785858154296876,0.0029002665128871393,3,10,200,"{'max_depth': 3, 'min_samples_split': 10, 'n_estimators': 200}",0.9166666666666666,0.9583333333333334,0.9583333333333334,0.9583333333333334,0.9583333333333334,0.95,0.016666666666666698,11,0.96875,0.9895833333333334,0.9895833333333334,0.9791666666666666,0.9791666666666666,0.98125,0.007795119555779065
0.0956106185913086,0.004926068595610566,0.006431961059570312,0.0005919507376610453,5,2,50,"{'max_depth': 5, 'min_samples_split': 2, 'n_estimators': 50}",0.9166666666666666,0.9583333333333334,0.9583333333333334,0.9583333333333334,0.9583333333333334,0.95,0.016666666666666698,11,1.0,1.0,1.0,1.0,1.0,1.0,0.0
0.1822225570678711,0.003910406194869981,0.010151386260986328,0.0013301298724522055,5,2,100,"{'max_depth': 5, 'min_samples_split': 2, 'n_estimators': 100}",0.9166666666666666,0.9583333333333334,0.9583333333333334,0.9583333333333334,0.9583333333333334,0.95,0.016666666666666698,11,1.0,1.0,1.0,1.0,1.0,1.0,0.0
0.3639837265014648,0.015243960852443767,0.017156600952148438,0.002383833229700332,5,2,200,"{'max_depth': 5, 'min_samples_split': 2, 'n_estimators': 200}",0.9166666666666666,0.9583333333333334,0.9583333333333334,0.9583333333333334,0.9583333333333334,0.95,0.016666666666666698,11,1.0,1.0,1.0,1.0,1.0,1.0,0.0
0.09113221168518067,0.003784002583054854,0.006319189071655273,0.0010892601169388955,5,5,50,"{'max_depth': 5, 'min_samples_split': 5, 'n_estimators': 50}",0.9166666666666666,0.9583333333333334,0.9583333333333334,0.9583333333333334,0.9583333333333334,0.95,0.016666666666666698,11,1.0,0.9895833333333334,0.9895833333333334,0.9895833333333334,0.9895833333333334,0.9916666666666668,0.004166666666666652
0.18084263801574707,0.005778330532008002,0.015583276748657227,0.009633697707129716,5,5,100,"{'max_depth': 5, 'min_samples_split': 5, 'n_estimators': 100}",0.9166666666666666,0.9583333333333334,0.9583333333333334,0.9583333333333334,0.9583333333333334,0.95,0.016666666666666698,11,0.9895833333333334,0.9895833333333334,1.0,0.9895833333333334,0.9895833333333334,0.9916666666666668,0.004166666666666652
0.3838864803314209,0.034266152032507415,0.017867851257324218,0.004907234367532981,5,5,200,"{'max_depth': 5, 'min_samples_split': 5, 'n_estimators': 200}",0.9166666666666666,0.9583333333333334,0.9583333333333334,0.9583333333333334,0.9583333333333334,0.95,0.016666666666666698,11,0.9895833333333334,0.9895833333333334,1.0,0.9895833333333334,0.9895833333333334,0.9916666666666668,0.004166666666666652
0.09233050346374512,0.0030293591897013654,0.006719636917114258,0.0011263735317402672,5,10,50,"{'max_depth': 5, 'min_samples_split': 10, 'n_estimators': 50}",0.9583333333333334,0.9583333333333334,0.9583333333333334,0.9583333333333334,0.9583333333333334,0.9583333333333334,0.0,1,0.9791666666666666,0.9895833333333334,0.9895833333333334,0.9791666666666666,0.9895833333333334,0.9854166666666666,0.0051031036307983245
0.20415792465209961,0.0316891238519688,0.010645723342895508,0.0011691046398922982,5,10,100,"{'max_depth': 5, 'min_samples_split': 10, 'n_estimators': 100}",0.9583333333333334,0.9583333333333334,0.9583333333333334,0.9583333333333334,0.9583333333333334,0.9583333333333334,0.0,1,0.9791666666666666,0.9895833333333334,0.9895833333333334,0.9895833333333334,0.9791666666666666,0.9854166666666668,0.0051031036307983245
0.39781723022460935,0.029043735013056727,0.021004486083984374,0.004022977269285129,5,10,200,"{'max_depth': 5, 'min_samples_split': 10, 'n_estimators': 200}",0.9166666666666666,0.9583333333333334,0.9583333333333334,0.9583333333333334,0.9583333333333334,0.95,0.016666666666666698,11,0.9791666666666666,0.9895833333333334,0.9895833333333334,0.9791666666666666,0.9895833333333334,0.9854166666666666,0.0051031036307983245
0.10206212997436523,0.010816995153731029,0.00673527717590332,0.0011649926873241415,10,2,50,"{'max_depth': 10, 'min_samples_split': 2, 'n_estimators': 50}",0.9166666666666666,0.9583333333333334,0.9583333333333334,0.9583333333333334,0.9583333333333334,0.95,0.016666666666666698,11,1.0,1.0,1.0,1.0,1.0,1.0,0.0
0.18465228080749513,0.006896698247556047,0.009743547439575196,0.0015119165383932788,10,2,100,"{'max_depth': 10, 'min_samples_split': 2, 'n_estimators': 100}",0.9166666666666666,0.9583333333333334,0.9583333333333334,0.9583333333333334,0.9583333333333334,0.95,0.016666666666666698,11,1.0,1.0,1.0,1.0,1.0,1.0,0.0
0.38584103584289553,0.027828190042585722,0.015680551528930664,0.002726024694222857,10,2,200,"{'max_depth': 10, 'min_samples_split': 2, 'n_estimators': 200}",0.9166666666666666,0.9583333333333334,0.9583333333333334,0.9583333333333334,0.9583333333333334,0.95,0.016666666666666698,11,1.0,1.0,1.0,1.0,1.0,1.0,0.0
0.09975137710571289,0.006579362047635417,0.007137966156005859,0.0024415671604743686,10,5,50,"{'max_depth': 10, 'min_samples_split': 5, 'n_estimators': 50}",0.9166666666666666,0.9583333333333334,0.9583333333333334,0.9583333333333334,0.9583333333333334,0.95,0.016666666666666698,11,1.0,0.9895833333333334,0.9895833333333334,0.9895833333333334,0.9895833333333334,0.9916666666666668,0.004166666666666652
0.189375638961792,0.013722274157515197,0.012960100173950195,0.0067001679638604575,10,5,100,"{'max_depth': 10, 'min_samples_split': 5, 'n_estimators': 100}",0.9166666666666666,0.9583333333333334,0.9583333333333334,0.9583333333333334,0.9583333333333334,0.95,0.016666666666666698,11,0.9895833333333334,0.9895833333333334,1.0,0.9895833333333334,0.9895833333333334,0.9916666666666668,0.004166666666666652
0.3631544589996338,0.017243379296390936,0.009566164016723633,0.002293979917399425,10,5,200,"{'max_depth': 10, 'min_samples_split': 5, 'n_estimators': 200}",0.9166666666666666,0.9583333333333334,0.9583333333333334,0.9583333333333334,0.9583333333333334,0.95,0.016666666666666698,11,0.9895833333333334,0.9895833333333334,1.0,0.9895833333333334,0.9895833333333334,0.9916666666666668,0.004166666666666652
0.10206942558288574,0.012152617767310794,0.0072386741638183595,0.002021454305339856,10,10,50,"{'max_depth': 10, 'min_samples_split': 10, 'n_estimators': 50}",0.9583333333333334,0.9583333333333334,0.9583333333333334,0.9583333333333334,0.9583333333333334,0.9583333333333334,0.0,1,0.9791666666666666,0.9895833333333334,0.9895833333333334,0.9791666666666666,0.9895833333333334,0.9854166666666666,0.0051031036307983245
0.18101902008056642,0.009121303302869968,0.009585380554199219,0.002464506219356675,10,10,100,"{'max_depth': 10, 'min_samples_split': 10, 'n_estimators': 100}",0.9583333333333334,0.9583333333333334,0.9583333333333334,0.9583333333333334,0.9583333333333334,0.9583333333333334,0.0,1,0.9791666666666666,0.9895833333333334,0.9895833333333334,0.9895833333333334,0.9791666666666666,0.9854166666666668,0.0051031036307983245
0.2682799816131592,0.01153051005819408,0.007165050506591797,0.0003903567218974877,10,10,200,"{'max_depth': 10, 'min_samples_split': 10, 'n_estimators': 200}",0.9166666666666666,0.9583333333333334,0.9583333333333334,0.9583333333333334,0.9583333333333334,0.95,0.016666666666666698,11,0.9791666666666666,0.9895833333333334,0.9895833333333334,0.9791666666666666,0.9895833333333334,0.9854166666666666,0.0051031036307983245
